case_id,resolution,curvature_a,apex_x0,apex_y0,expected_gap,calg_gap,linear_gap,calg_error,linear_error,calg_elapsed_s,linear_elapsed_s,calg_candidate_pairs,linear_candidate_pairs,calg_contacts,linear_contacts,calg_better,error_ratio_linear_over_calg,notes
0,4,0.6461519549753464,0.03515994564867874,-0.16326637432657162,0.07212844091841478,0.07212844091841478,0.09015099573984775,0.0,0.018022554821432973,6.529999154736288e-07,0.00019076000012319128,1,32,1,1,True,1802255482143.2974,primitive-level randomized quadratic sub-cell valley; curved jet is exact for quadratic geometry
1,4,0.9542243353176488,-0.1082440983509139,0.1310791315545962,0.04975972494919164,0.04975972494919164,0.07733539938194499,0.0,0.02757567443275335,3.020002168341307e-07,8.041399996727705e-05,1,32,1,1,True,2757567443275.335,primitive-level randomized quadratic sub-cell valley; curved jet is exact for quadratic geometry
2,4,1.0622257364275947,-0.08246575669535887,-0.13287231058948112,0.061814423364099355,0.061814423364099355,0.08779184626515141,0.0,0.025977422901052052,2.6099996830453165e-07,6.337900003927643e-05,1,32,1,1,True,2597742290105.205,primitive-level randomized quadratic sub-cell valley; curved jet is exact for quadratic geometry
3,7,1.1875938655432485,0.0629961932705958,0.009760655142431383,0.0431803784532018,0.0431803784532018,0.0608376322396456,0.0,0.017657253786443797,1.9599997358454857e-07,0.00010500099983801192,1,98,1,1,True,1765725378644.3796,primitive-level randomized quadratic sub-cell valley; curved jet is exact for quadratic geometry
4,5,0.7029458005839274,-0.04043002117053541,0.025239028247728796,0.06708810735113933,0.06708810735113933,0.09136315934648899,0.0,0.024275051995349656,1.7899992599268444e-07,8.445100002063555e-05,1,50,1,1,True,2427505199534.966,primitive-level randomized quadratic sub-cell valley; curved jet is exact for quadratic geometry
5,7,0.7301441801469079,-0.08332415515284688,-0.007390353412034357,0.0383246799094097,0.0383246799094097,0.05180061427974271,0.0,0.01347593437033301,1.969999630091479e-07,9.13780002065323e-05,1,98,1,1,True,1347593437033.301,primitive-level randomized quadratic sub-cell valley; curved jet is exact for quadratic geometry
6,12,0.6814404180622249,-0.039655108074273686,0.01951329335054007,0.07105724314752707,0.07105724314752707,0.0723882981360355,0.0,0.00133105498850844,1.7000002117129043e-07,0.00041865799994411645,1,288,1,1,True,133105498850.844,primitive-level randomized quadratic sub-cell valley; curved jet is exact for quadratic geometry
7,12,0.7747361179411657,-0.04838290679801789,-0.03100638883888021,0.053756326536899386,0.053756326536899386,0.056314739028462964,0.0,0.0025584124915635775,2.3099983081920072e-07,0.00018857500003832683,1,288,1,1,True,255841249156.35776,primitive-level randomized quadratic sub-cell valley; curved jet is exact for quadratic geometry
8,5,0.6538854011682377,-0.04773686725499081,-0.14353287956819794,0.07485743502158682,0.07485743502158682,0.08648189849493139,0.0,0.011624463473344573,1.6399985725001898e-07,7.361799998761853e-05,1,50,1,1,True,1162446347334.4573,primitive-level randomized quadratic sub-cell valley; curved jet is exact for quadratic geometry
9,12,0.5721326813155745,0.02174188438994875,-0.0506823689558025,0.0688356042578023,0.0688356042578023,0.07057569549456005,0.0,0.0017400912367577515,1.6100011634989642e-07,0.00017773199988369015,1,288,1,1,True,174009123675.77515,primitive-level randomized quadratic sub-cell valley; curved jet is exact for quadratic geometry
10,3,0.662235240720574,-0.07850306939434057,-0.17657180339681613,0.035983444298607455,0.035983444298607455,0.06098132282340314,0.0,0.024997878524795687,1.720000000204891e-07,5.367699986891239e-05,1,18,1,1,True,2499787852479.569,primitive-level randomized quadratic sub-cell valley; curved jet is exact for quadratic geometry
11,7,1.0305104681219,-0.007494741419790231,-0.08291640494912454,0.04282611319781284,0.04282611319781284,0.06142356414595239,0.0,0.018597450948139548,1.7399997886968777e-07,9.42199999371951e-05,1,98,1,1,True,1859745094813.9548,primitive-level randomized quadratic sub-cell valley; curved jet is exact for quadratic geometry
12,12,1.073338393429585,0.04734547677183125,-0.05659292743983677,0.04260680066913363,0.04260680066913363,0.04845043442289348,0.0,0.005843633753759847,1.8699984138947912e-07,0.00018536500010668533,1,288,1,1,True,584363375375.9847,primitive-level randomized quadratic sub-cell valley; curved jet is exact for quadratic geometry
13,3,1.022622633588247,-0.18973372856800547,-0.0814865536483479,0.05472715804032468,0.05472715804032468,0.08063449526089694,0.0,0.025907337220572264,1.9599997358454857e-07,5.302699992171256e-05,1,18,1,1,True,2590733722057.2266,primitive-level randomized quadratic sub-cell valley; curved jet is exact for quadratic geometry
14,5,1.1858957392542409,-0.04596310810561831,-0.06014913651577539,0.0726402397860574,0.0726402397860574,0.09415442117183132,0.0,0.02151418138577392,1.850000899139559e-07,6.774700000278244e-05,1,50,1,1,True,2151418138577.392,primitive-level randomized quadratic sub-cell valley; curved jet is exact for quadratic geometry
15,10,1.0352307962485168,-0.008356321003915104,-0.024244394380659538,0.036600524102127614,0.036600524102127614,0.037281311294261904,0.0,0.0006807871921342898,2.0199991013214458e-07,0.00016284399998767185,1,200,1,1,True,68078719213.42898,primitive-level randomized quadratic sub-cell valley; curved jet is exact for quadratic geometry
16,3,1.0321746127089386,-0.1136570348949125,0.15392833303144898,0.05683175930091827,0.05683175930091827,0.09342631156958683,0.0,0.03659455226866856,1.809999048418831e-07,5.583699999078817e-05,1,18,1,1,True,3659455226866.8564,primitive-level randomized quadratic sub-cell valley; curved jet is exact for quadratic geometry
17,3,1.1528766881251937,0.09404907305257451,0.13747175173266832,0.04098940695150932,0.04098940695150932,0.11300276740683984,0.0,0.07201336045533052,1.7699994714348577e-07,5.135500009600946e-05,1,18,1,1,True,7201336045533.052,primitive-level randomized quadratic sub-cell valley; curved jet is exact for quadratic geometry
18,7,1.1315535658959945,-0.009800855884124783,0.049338533439859625,0.0653691261649812,0.0653691261649812,0.07831831530788486,0.0,0.012949189142903661,1.7100001059588976e-07,9.024299993143359e-05,1,98,1,1,True,1294918914290.3662,primitive-level randomized quadratic sub-cell valley; curved jet is exact for quadratic geometry
19,8,1.199221616961061,-0.020241950016521695,-0.04851331880806385,0.0407606143052015,0.0407606143052015,0.04407439778666756,0.0,0.003313783481466062,1.9200001588615123e-07,0.0002522279999084276,1,128,1,1,True,331378348146.6062,primitive-level randomized quadratic sub-cell valley; curved jet is exact for quadratic geometry
20,12,0.9636349242110307,-0.04808432346138868,0.04055834399532676,0.0413899295983368,0.0413899295983368,0.045203111462600525,0.0,0.003813181864263722,2.980000317620579e-07,0.0003433909998875606,1,288,1,1,True,381318186426.3722,primitive-level randomized quadratic sub-cell valley; curved jet is exact for quadratic geometry
21,4,0.7005810982633475,-0.1458990104993802,0.03843028477799607,0.036545557314590346,0.036545557314590346,0.052493170728449,0.0,0.015947613413858655,3.80999836124829e-07,0.00011235099987061403,1,32,1,1,True,1594761341385.8655,primitive-level randomized quadratic sub-cell valley; curved jet is exact for quadratic geometry
22,8,0.9682440792147065,0.02420879504051423,-0.030963252354406327,0.04908264399634451,0.04908264399634451,0.05057837656072903,0.0,0.001495732564384518,3.4300001061637886e-07,0.00018665699985831452,1,128,1,1,True,149573256438.45178,primitive-level randomized quadratic sub-cell valley; curved jet is exact for quadratic geometry
23,3,1.1432152425570115,-0.07390677952582911,-0.04188754759828151,0.03962641494879025,0.03962641494879025,0.11443174778903316,0.0,0.0748053328402429,2.839999524439918e-07,9.001000012176519e-05,1,18,1,1,True,7480533284024.291,primitive-level randomized quadratic sub-cell valley; curved jet is exact for quadratic geometry
24,3,1.0051586375599737,0.21887540037103928,0.19235976698506163,0.03767002986582622,0.03767002986582622,0.04949259768788522,0.0,0.011822567822059003,3.2100001590151805e-07,9.124899997914326e-05,1,18,1,1,True,1182256782205.9004,primitive-level randomized quadratic sub-cell valley; curved jet is exact for quadratic geometry
25,3,0.8522134219177914,0.09415842383000936,-0.18283307681466543,0.036972906215181366,0.036972906215181366,0.08794046109741575,0.0,0.05096755488223439,2.950000634882599e-07,0.00012658300011025858,1,18,1,1,True,5096755488223.438,primitive-level randomized quadratic sub-cell valley; curved jet is exact for quadratic geometry
26,5,0.7237174250257533,0.09115640361412529,0.07792634116875533,0.06658962057974044,0.06658962057974044,0.07932755935924338,0.0,0.012737938779502939,2.7100008992420044e-07,0.00012748700009979075,1,50,1,1,True,1273793877950.294,primitive-level randomized quadratic sub-cell valley; curved jet is exact for quadratic geometry
27,10,0.8735962293791684,-0.0456100340117388,-0.013806274129418743,0.04643288590547883,0.04643288590547883,0.0484167254559512,0.0,0.00198383955047237,4.529999841906829e-07,0.00023711700009698689,1,200,1,1,True,198383955047.23703,primitive-level randomized quadratic sub-cell valley; curved jet is exact for quadratic geometry
28,7,0.7822143964102147,-0.05343631921570289,0.02517294356081697,0.06438758394615002,0.06438758394615002,0.07546321616656282,0.0,0.011075632220412801,2.6900011107500177e-07,0.0001681220001046313,1,98,1,1,True,1107563222041.28,primitive-level randomized quadratic sub-cell valley; curved jet is exact for quadratic geometry
29,7,0.9096061523771422,0.054652333712533134,-0.01552714979493625,0.0619338528675214,0.0619338528675214,0.07253434377967934,0.0,0.010600490912157937,2.8299996301939245e-07,0.00015541300012955617,1,98,1,1,True,1060049091215.7937,primitive-level randomized quadratic sub-cell valley; curved jet is exact for quadratic geometry
30,10,0.7612003894757596,0.06058614111340955,-0.05105211549579656,0.0569644919232975,0.0569644919232975,0.06174254600045008,0.0,0.00477805407715258,2.760000370471971e-07,0.0002521690000776289,1,200,1,1,True,477805407715.258,primitive-level randomized quadratic sub-cell valley; curved jet is exact for quadratic geometry
31,7,1.0594793482967926,-0.056617179385958775,0.049099245977198704,0.060478655884924265,0.060478655884924265,0.06476150322919778,0.0,0.004282847344273519,2.0699985725514125e-07,0.0001640939999560942,1,98,1,1,True,428284734427.35187,primitive-level randomized quadratic sub-cell valley; curved jet is exact for quadratic geometry
32,8,0.7710535368334835,-0.03809975360309736,0.027430183298211033,0.06499377731696705,0.06499377731696705,0.06669318407755977,0.0,0.0016994067605927143,2.869999207177898e-07,0.0004493989999900805,1,128,1,1,True,169940676059.27142,primitive-level randomized quadratic sub-cell valley; curved jet is exact for quadratic geometry
33,12,0.9987635407473405,-0.03837255310745695,0.041659191126253166,0.06478714956617249,0.06478714956617249,0.06799112411507326,0.0,0.0032039745489007704,2.920000952144619e-07,0.00032323499999620253,1,288,1,1,True,320397454890.077,primitive-level randomized quadratic sub-cell valley; curved jet is exact for quadratic geometry
34,8,0.590666458555126,-0.00996010756759978,0.012571426424904457,0.057202748565537136,0.057202748565537136,0.05735469426635614,0.0,0.00015194570081900755,3.8600001062150113e-07,0.00020263400006115262,1,128,1,1,True,15194570081.900755,primitive-level randomized quadratic sub-cell valley; curved jet is exact for quadratic geometry
35,7,0.872464427776507,0.04535391973940243,0.06689097425727838,0.07025340544450953,0.07025340544450953,0.0803280395266276,0.0,0.010074634082118075,3.190000370523194e-07,0.0001556130000608391,1,98,1,1,True,1007463408211.8075,primitive-level randomized quadratic sub-cell valley; curved jet is exact for quadratic geometry
36,7,0.9525664620186307,-0.028970406510908243,-0.09205406145476815,0.0531957042031767,0.0531957042031767,0.0653680836915451,0.0,0.012172379488368405,2.3000006876827683e-07,0.00015081800006555568,1,98,1,1,True,1217237948836.8406,primitive-level randomized quadratic sub-cell valley; curved jet is exact for quadratic geometry
37,3,0.9510076260534293,0.15840130979986855,-0.16298178587871587,0.05155000593685856,0.05155000593685856,0.07339550488196599,0.0,0.021845498945107428,3.000000106112566e-07,8.632699996269366e-05,1,18,1,1,True,2184549894510.7427,primitive-level randomized quadratic sub-cell valley; curved jet is exact for quadratic geometry
38,5,1.1103685688081704,-0.10139763845674059,0.0033299485686812485,0.041849369810294905,0.041849369810294905,0.0753453059119629,0.0,0.03349593610166799,3.6799997360503767e-07,0.00012625900012608327,1,50,1,1,True,3349593610166.799,primitive-level randomized quadratic sub-cell valley; curved jet is exact for quadratic geometry
39,7,1.183393834899538,-0.07041150929333892,-0.006546295200515631,0.03676947595950091,0.03676947595950091,0.04726633180326141,0.0,0.010496855843760498,3.190000370523194e-07,0.0001857770000697201,1,98,1,1,True,1049685584376.0498,primitive-level randomized quadratic sub-cell valley; curved jet is exact for quadratic geometry
40,8,0.6847840457887802,-0.06667349006884608,-0.01429807839473948,0.06356605872379173,0.06356605872379173,0.06675016026896968,0.0,0.003184101545177953,3.909999577444978e-07,0.00020334700002422323,1,128,1,1,True,318410154517.7953,primitive-level randomized quadratic sub-cell valley; curved jet is exact for quadratic geometry
41,12,1.1135349674738304,-0.024860333250545097,-0.028675124436853473,0.06564968096179728,0.06564968096179728,0.06725350418485511,0.0,0.0016038232230578264,4.3599993659881875e-07,0.0002544339999985823,1,288,1,1,True,160382322305.78265,primitive-level randomized quadratic sub-cell valley; curved jet is exact for quadratic geometry
42,8,0.6017352105573835,0.0397285541404143,0.07875258899406005,0.041363344657271206,0.041363344657271206,0.04604504213746844,0.0,0.004681697480197235,3.039999683096539e-07,0.00013036799987276027,1,128,1,1,True,468169748019.72345,primitive-level randomized quadratic sub-cell valley; curved jet is exact for quadratic geometry
43,6,0.5847682480321771,0.0016928991807370322,-0.09404811138903842,0.04377849006323927,0.04377849006323927,0.04895246874258895,0.0,0.005173978679349676,1.7399997886968777e-07,0.00011038900015591935,1,72,1,1,True,517397867934.96765,primitive-level randomized quadratic sub-cell valley; curved jet is exact for quadratic geometry
44,10,0.5792583547724723,0.01655966959402932,-0.07093002097504948,0.0530811890459372,0.0530811890459372,0.056154322911432,0.0,0.0030731338654947996,1.9300000531075057e-07,0.0001428969999324181,1,200,1,1,True,307313386549.48,primitive-level randomized quadratic sub-cell valley; curved jet is exact for quadratic geometry
45,6,1.1267922284656977,0.10893153718353056,-0.03540813280019802,0.07216497233458516,0.07216497233458516,0.0869482786609373,0.0,0.014783306326352136,2.040001163550187e-07,0.00013483900011124206,1,72,1,1,True,1478330632635.2136,primitive-level randomized quadratic sub-cell valley; curved jet is exact for quadratic geometry
46,5,0.9238786708805162,-0.04066717353908845,-0.10462118851395186,0.038456892491052566,0.038456892491052566,0.06154881140165503,0.0,0.023091918910602464,6.240002221602481e-07,8.569099986743822e-05,1,50,1,1,True,2309191891060.2466,primitive-level randomized quadratic sub-cell valley; curved jet is exact for quadratic geometry
47,6,0.8412162402628487,0.07566791595623426,0.10165883412321491,0.03969539196956644,0.03969539196956644,0.053205452703908716,0.0,0.013510060734342279,2.0100014808122069e-07,8.065299994086672e-05,1,72,1,1,True,1351006073434.2278,primitive-level randomized quadratic sub-cell valley; curved jet is exact for quadratic geometry
48,4,0.9877123101910706,0.1838487242034551,0.03694934558818662,0.04993117911791126,0.04993117911791126,0.08466468257126564,0.0,0.034733503453354374,1.969999630091479e-07,5.953100003353029e-05,1,32,1,1,True,3473350345335.4375,primitive-level randomized quadratic sub-cell valley; curved jet is exact for quadratic geometry
49,12,0.7612393623152373,-0.021284999233968878,0.02254926931055112,0.06266345918475544,0.06266345918475544,0.06339540661883512,0.0,0.0007319474340796855,3.9199994716909714e-07,0.00019218399984310963,1,288,1,1,True,73194743407.96855,primitive-level randomized quadratic sub-cell valley; curved jet is exact for quadratic geometry
50,8,0.866654515967573,0.07951393050897415,-0.05677688461422388,0.0413885856257442,0.0413885856257442,0.04966173876948652,0.0,0.008273153143742322,1.9599997358454857e-07,0.00010921900002358598,1,128,1,1,True,827315314374.2322,primitive-level randomized quadratic sub-cell valley; curved jet is exact for quadratic geometry
51,7,0.6594081905802965,-0.002611809689500028,-0.03856327883044607,0.058764027972341384,0.058764027972341384,0.07694159910375056,0.0,0.01817757113140918,2.0499987840594258e-07,9.139999997387349e-05,1,98,1,1,True,1817757113140.918,primitive-level randomized quadratic sub-cell valley; curved jet is exact for quadratic geometry
52,7,0.9290594772102179,-0.08003749155412213,-0.018604317618378656,0.05575300426397267,0.05575300426397267,0.06263896592668876,0.0,0.006885961662716086,2.0600009520421736e-07,9.079100004782958e-05,1,98,1,1,True,688596166271.6086,primitive-level randomized quadratic sub-cell valley; curved jet is exact for quadratic geometry
53,6,1.0698002222491536,0.10891521514555498,0.11544531850396156,0.054104631206512446,0.054104631206512446,0.08105305462638157,0.0,0.026948423419869125,3.65999994755839e-07,0.00011327699985486106,1,72,1,1,True,2694842341986.9126,primitive-level randomized quadratic sub-cell valley; curved jet is exact for quadratic geometry
54,12,1.0692346061212523,-0.01116944771468961,-0.05097048733703775,0.044840812299940906,0.044840812299940906,0.04775206776748548,0.0,0.002911255467544574,2.1200003175181337e-07,0.00017839099996308505,1,288,1,1,True,291125546754.4574,primitive-level randomized quadratic sub-cell valley; curved jet is exact for quadratic geometry
55,7,0.8334206635686132,-0.005501154226295729,0.035752906307868176,0.04956533148970549,0.04956533148970549,0.05984452631017706,0.0,0.010279194820471571,1.660000634728931e-07,9.351899984721967e-05,1,98,1,1,True,1027919482047.1571,primitive-level randomized quadratic sub-cell valley; curved jet is exact for quadratic geometry
56,10,0.8947928484679888,-0.059425894116961996,0.011239366863329691,0.06963282019223736,0.06963282019223736,0.07290575791348052,0.0,0.003272937721243152,1.7999991541728377e-07,0.00014989300007073325,1,200,1,1,True,327293772124.3152,primitive-level randomized quadratic sub-cell valley; curved jet is exact for quadratic geometry
57,8,0.5677306025489822,0.04805301383720331,-0.08096426770953717,0.05894261789327766,0.05894261789327766,0.06397515498980512,0.0,0.005032537096527456,1.7100001059588976e-07,0.00010936500007119321,1,128,1,1,True,503253709652.7456,primitive-level randomized quadratic sub-cell valley; curved jet is exact for quadratic geometry
58,3,0.7691390057727454,-0.14491731675399944,-0.048762596813012975,0.05755169957514086,0.05755169957514086,0.08909535919897077,0.0,0.031543659623829906,1.749999682942871e-07,0.00014648599994870892,1,18,1,1,True,3154365962382.9907,primitive-level randomized quadratic sub-cell valley; curved jet is exact for quadratic geometry
59,4,0.9257196610559129,-0.05310262778925727,-0.12486456038527366,0.035086311127179345,0.035086311127179345,0.052129779795534,0.0,0.017043468668354655,1.8900004761235323e-07,6.531999997605453e-05,1,32,1,1,True,1704346866835.4656,primitive-level randomized quadratic sub-cell valley; curved jet is exact for quadratic geometry
60,6,0.9102409759765264,-0.024283836664878364,-0.09686881370672296,0.059966708583483304,0.059966708583483304,0.06904478923321655,0.0,0.009078080649733249,2.0600009520421736e-07,0.00014851300011287094,1,72,1,1,True,907808064973.3248,primitive-level randomized quadratic sub-cell valley; curved jet is exact for quadratic geometry
61,6,0.9765886147259987,0.11525778700568477,-0.036598337052129934,0.052681688734574364,0.052681688734574364,0.06696312115875598,0.0,0.014281432424181617,3.559998731361702e-07,9.064300002137315e-05,1,72,1,1,True,1428143242418.1616,primitive-level randomized quadratic sub-cell valley; curved jet is exact for quadratic geometry
62,3,1.0840023170934345,0.1296914185411065,0.2335275713661823,0.0716987205833644,0.0716987205833644,0.11550125117837978,0.0,0.043802530595015376,1.6400008462369442e-07,5.37779999376653e-05,1,18,1,1,True,4380253059501.5376,primitive-level randomized quadratic sub-cell valley; curved jet is exact for quadratic geometry
63,4,0.8178813112895349,-0.14510840872638556,-0.09031352524077432,0.06250572062896267,0.06250572062896267,0.08639847357352394,0.0,0.023892752944561266,1.880000581877539e-07,5.959899999652407e-05,1,32,1,1,True,2389275294456.1265,primitive-level randomized quadratic sub-cell valley; curved jet is exact for quadratic geometry
64,3,0.9908951417021303,0.12116354602889386,-0.19934399471745423,0.03694914633523099,0.03694914633523099,0.0666815716952764,0.0,0.02973242536004541,1.8599985196487978e-07,5.134799994266359e-05,1,18,1,1,True,2973242536004.541,primitive-level randomized quadratic sub-cell valley; curved jet is exact for quadratic geometry
65,6,0.8134362182770067,0.04665225919280036,0.03842355205853955,0.04678230698325859,0.04678230698325859,0.049753628949330365,0.0,0.002971321966071777,1.969999630091479e-07,0.000204810000013822,1,72,1,1,True,297132196607.17773,primitive-level randomized quadratic sub-cell valley; curved jet is exact for quadratic geometry
66,5,0.5637756981313055,-0.11930443432529463,-0.06431924666250824,0.06742763391920252,0.06742763391920252,0.07229499473368826,0.0,0.004867360814485744,1.9499998415994924e-07,7.659799985049176e-05,1,50,1,1,True,486736081448.5744,primitive-level randomized quadratic sub-cell valley; curved jet is exact for quadratic geometry
67,10,0.7489464197484772,0.056668995557696694,-0.03431635924127925,0.058407691450213794,0.058407691450213794,0.0616948079764079,0.0,0.0032871165261941088,1.6100011634989642e-07,0.00022220599998945545,1,200,1,1,True,328711652619.4109,primitive-level randomized quadratic sub-cell valley; curved jet is exact for quadratic geometry
68,4,0.5664014109271258,-0.13112161235357458,-0.03674978678980492,0.04395867689683964,0.04395867689683964,0.05446169844517998,0.0,0.01050302154834034,2.4900009520933963e-07,6.821700003456499e-05,1,32,1,1,True,1050302154834.0339,primitive-level randomized quadratic sub-cell valley; curved jet is exact for quadratic geometry
69,5,0.9915205858549425,-0.0698171267604478,-0.07296306005286926,0.0703161308499522,0.0703161308499522,0.0980163282658469,0.0,0.027700197415894703,1.809999048418831e-07,6.901000006109825e-05,1,50,1,1,True,2770019741589.47,primitive-level randomized quadratic sub-cell valley; curved jet is exact for quadratic geometry
70,10,0.948966042966453,0.028415529605002085,0.03867047821383425,0.042159896266940715,0.042159896266940715,0.044345221018457254,0.0,0.002185324751516539,1.8100013221555855e-07,0.00013741199995820352,1,200,1,1,True,218532475151.6539,primitive-level randomized quadratic sub-cell valley; curved jet is exact for quadratic geometry
71,5,1.1325813008330177,0.06320308240537403,0.050677033992922664,0.06619200333055118,0.06619200333055118,0.08418454672294437,0.0,0.017992543392393187,1.8200012164015789e-07,6.83849998495134e-05,1,50,1,1,True,1799254339239.3186,primitive-level randomized quadratic sub-cell valley; curved jet is exact for quadratic geometry
72,12,0.9246440022101681,0.03908528876153069,0.019573383826778548,0.06227476893029156,0.06227476893029156,0.06404155756345102,0.0,0.0017667886331594607,1.7399997886968777e-07,0.00017254699992008682,1,288,1,1,True,176678863315.94608,primitive-level randomized quadratic sub-cell valley; curved jet is exact for quadratic geometry
73,6,0.8637857037763399,-0.03469028451618779,0.016698510728347334,0.06335879026645679,0.06335879026645679,0.06463914189528197,0.0,0.0012803516288251854,1.7699994714348577e-07,7.85629999882076e-05,1,72,1,1,True,128035162882.51854,primitive-level randomized quadratic sub-cell valley; curved jet is exact for quadratic geometry
74,10,1.152440974883143,-0.017566276618047993,-0.019906861401315742,0.050784876371358825,0.050784876371358825,0.05159718269592653,0.0,0.0008123063245677048,1.7699994714348577e-07,0.00016418699988207663,1,200,1,1,True,81230632456.77048,primitive-level randomized quadratic sub-cell valley; curved jet is exact for quadratic geometry
75,12,0.8855551349651921,-0.052173849175907824,-0.0062635666124308854,0.06735352787745888,0.06735352787745888,0.06979884917741733,0.0,0.0024453212999584473,1.910000264615519e-07,0.00018015899991041806,1,288,1,1,True,244532129995.84473,primitive-level randomized quadratic sub-cell valley; curved jet is exact for quadratic geometry
76,7,0.6485011468274492,0.020266956749158294,0.022340044717298484,0.0683428783186686,0.0683428783186686,0.07699475621783086,0.0,0.00865187789916226,1.9499998415994924e-07,9.30619999053306e-05,1,98,1,1,True,865187789916.2261,primitive-level randomized quadratic sub-cell valley; curved jet is exact for quadratic geometry
77,12,0.8912305666358578,0.054365017360181664,-0.03693542606630658,0.04793806915977404,0.04793806915977404,0.0517879898599471,0.0,0.003849920700173058,1.9200001588615123e-07,0.0001750810001794889,1,288,1,1,True,384992070017.3058,primitive-level randomized quadratic sub-cell valley; curved jet is exact for quadratic geometry
78,6,0.877563146920586,0.002983415241802706,-0.04204819929331463,0.04989023533150362,0.04989023533150362,0.05144962277164143,0.0,0.0015593874401378105,2.0100014808122069e-07,7.923500015749596e-05,1,72,1,1,True,155938744013.78104,primitive-level randomized quadratic sub-cell valley; curved jet is exact for quadratic geometry
79,8,0.7180633580037028,-0.00761334172186698,-0.004900514407065622,0.04515340825476458,0.04515340825476458,0.04521227366251261,0.0,5.886540774803495e-05,1.939999947353499e-07,0.00010391899991191167,1,128,1,1,True,5886540774.803494,primitive-level randomized quadratic sub-cell valley; curved jet is exact for quadratic geometry
